text,label,category
"hey! how is your day going?",0,"safe"
"what kind of music do you listen to?",0,"safe"
"just studying for my exam tomorrow",0,"safe"
"that movie was incredible, 10/10 recommend",0,"safe"
"lol that is hilarious",0,"safe"
"nice to meet you! where are you from?",0,"safe"
"have a wonderful evening ahead!",0,"safe"
"i love coding in javascript and python",0,"safe"
"no worries, take your time",0,"safe"
"gg good game",0,"safe"
"i'm going to kill this workout session today",0,"safe"
"i feel so tired today",0,"safe"
"which university do you attend?",0,"safe"
"that was a killer guitar solo!",0,"safe"
"what are your hobbies?",0,"safe"
"see you later, peace out",0,"safe"
"thanks for the conversation!",0,"safe"
"what books have you been reading lately?",0,"safe"
"i really like playing chess and soccer",0,"safe"
"hope you have a great week!",0,"safe"
"the weather is super nice today",0,"safe"
"what is your favorite food to cook?",0,"safe"
"i am learning how to play the piano",0,"safe"
"do you watch anime or read manga?",0,"safe"
"can you recommend a good sci-fi movie?",0,"safe"
"that was such a classic moment",0,"safe"
"i need to pass this mathematics test",0,"safe"
"the assistant helped me with my code",0,"safe"
"i love walking on the green grass",0,"safe"
"the bass guitar sounded amazing in that song",0,"safe"
"can you pass the butter please?",0,"safe"
"i am traveling to another country next month",0,"safe"
"this Indian curry is deliciously spicy",0,"safe"
"we need to assemble the furniture together",0,"safe"
"the data analytics showed great results",0,"safe"
"charles dickens wrote wonderful novels",0,"safe"
"niger is a country in west africa",0,"safe"
"the river flows smoothly through the valley",0,"safe"
"i ordered a non-alcoholic cocktail at the cafe",0,"safe"
"i am wearing a black shirt and blue jeans",0,"safe"
"welcome to Ping! having fun chatting?",0,"safe"
"let's share some fun riddles",0,"safe"
"do you play any video games like valorant or minecraft?",0,"safe"
"happy birthday! hope you have an awesome day",0,"safe"
"i had a cucumber sandwich for lunch",0,"safe"
"we visited the grand canal in venice",0,"safe"
"the document was saved successfully",0,"safe"
"i love drinking hot chocolate in winter",0,"safe"
"good luck on your interview tomorrow!",0,"safe"
"let's stay positive and keep trying",0,"safe"
"shut up you faggot",1,"hate_speech_slurs"
"$hut up y0u f@gg0t",1,"hate_speech_slurs_leet"
"you dumb nigger",1,"hate_speech_slurs"
"y0u dumb n1gg3r",1,"hate_speech_slurs_leet"
"y.o.u d.u.m.b n.i.g.g.e.r",1,"hate_speech_slurs_obfuscated"
"f@ggot gtfo",1,"hate_speech_slurs"
"f@gg0t gtf0",1,"hate_speech_slurs_leet"
"f.@.g.g.o.t g.t.f.o",1,"hate_speech_slurs_obfuscated"
"f.a.g.g.o.t get out of here",1,"hate_speech_slurs"
"f.@.g.g.0.t g3t 0ut 0f h3r3",1,"hate_speech_slurs_leet"
"stupid retard",1,"hate_speech_slurs"
"$tup1d r3t@rd",1,"hate_speech_slurs_leet"
"s.t.u.p.i.d r.e.t.a.r.d",1,"hate_speech_slurs_obfuscated"
"you are an absolute r3tard",1,"hate_speech_slurs"
"y0u @r3 @n @b$0lut3 r3t@rd",1,"hate_speech_slurs_leet"
"fucking retards everywhere",1,"hate_speech_slurs"
"fuck1ng r3t@rd$ 3v3rywh3r3",1,"hate_speech_slurs_leet"
"f.u.c.k.i.n.g r.e.t.a.r.d.s e.v.e.r.y.w.h.e.r.e",1,"hate_speech_slurs_obfuscated"
"you fucking cunt",1,"hate_speech_slurs"
"y0u fuck1ng cunt",1,"hate_speech_slurs_leet"
"y.o.u f.u.c.k.i.n.g c.u.n.t",1,"hate_speech_slurs_obfuscated"
"f.u.c.k you bitch",1,"hate_speech_slurs"
"f.u.c.k y0u b1tch",1,"hate_speech_slurs_leet"
"f...u...c...k y.o.u b.i.t.c.h",1,"hate_speech_slurs_obfuscated"
"you ugly bitch",1,"hate_speech_slurs"
"y0u ugly b1tch",1,"hate_speech_slurs_leet"
"y.o.u u.g.l.y b.i.t.c.h",1,"hate_speech_slurs_obfuscated"
"dumb wh0re go away",1,"hate_speech_slurs"
"dumb wh0r3 g0 @w@y",1,"hate_speech_slurs_leet"
"she is a dirty slut",1,"hate_speech_slurs"
"$h3 1$ @ d1rty $lut",1,"hate_speech_slurs_leet"
"dirty kike go home",1,"hate_speech_slurs"
"d1rty k1k3 g0 h0m3",1,"hate_speech_slurs_leet"
"k1k3 trash",1,"hate_speech_slurs"
"k1k3 tr@$h",1,"hate_speech_slurs_leet"
"k.1.k.3 t.r.a.s.h",1,"hate_speech_slurs_obfuscated"
"stupid chink",1,"hate_speech_slurs"
"$tup1d ch1nk",1,"hate_speech_slurs_leet"
"s.t.u.p.i.d c.h.i.n.k",1,"hate_speech_slurs_obfuscated"
"ch1nk go back to your country",1,"hate_speech_slurs"
"ch1nk g0 b@ck t0 y0ur c0untry",1,"hate_speech_slurs_leet"
"you filthy gook",1,"hate_speech_slurs"
"y0u f1lthy g00k",1,"hate_speech_slurs_leet"
"y.o.u f.i.l.t.h.y g.o.o.k",1,"hate_speech_slurs_obfuscated"
"spic get out of here",1,"hate_speech_slurs"
"$p1c g3t 0ut 0f h3r3",1,"hate_speech_slurs_leet"
"wetback loser",1,"hate_speech_slurs"
"w3tb@ck l0$3r",1,"hate_speech_slurs_leet"
"w.e.t.b.a.c.k l.o.s.e.r",1,"hate_speech_slurs_obfuscated"
"n!gg3r leave now",1,"hate_speech_slurs"
"n!gg3r l3@v3 n0w",1,"hate_speech_slurs_leet"
"n.!.g.g.3.r l.e.a.v.e n.o.w",1,"hate_speech_slurs_obfuscated"
"n1gger piece of shit",1,"hate_speech_slurs"
"n1gg3r p13c3 0f $h1t",1,"hate_speech_slurs_leet"
"you are a f.a.g",1,"hate_speech_slurs"
"y0u @r3 @ f.@.g",1,"hate_speech_slurs_leet"
"stupid dyke nobody asked you",1,"hate_speech_slurs"
"$tup1d dyk3 n0b0dy @$k3d y0u",1,"hate_speech_slurs_leet"
"trans tranny freak",1,"hate_speech_slurs"
"tr@n$ tr@nny fr3@k",1,"hate_speech_slurs_leet"
"t.r.a.n.s t.r.a.n.n.y f.r.e.a.k",1,"hate_speech_slurs_obfuscated"
"ugly shemale go die",1,"hate_speech_slurs"
"ugly $h3m@l3 g0 d13",1,"hate_speech_slurs_leet"
"dirty raghead terrorist",1,"hate_speech_slurs"
"d1rty r@gh3@d t3rr0r1$t",1,"hate_speech_slurs_leet"
"d.i.r.t.y r.a.g.h.e.a.d t.e.r.r.o.r.i.s.t",1,"hate_speech_slurs_obfuscated"
"towelhead loser",1,"hate_speech_slurs"
"t0w3lh3@d l0$3r",1,"hate_speech_slurs_leet"
"t.o.w.e.l.h.e.a.d l.o.s.e.r",1,"hate_speech_slurs_obfuscated"
"stupid paki get lost",1,"hate_speech_slurs"
"$tup1d p@k1 g3t l0$t",1,"hate_speech_slurs_leet"
"terrible beaner",1,"hate_speech_slurs"
"t3rr1bl3 b3@n3r",1,"hate_speech_slurs_leet"
"t.e.r.r.i.b.l.e b.e.a.n.e.r",1,"hate_speech_slurs_obfuscated"
"fck you bhenchod",1,"hate_speech_slurs"
"fck y0u bh3nch0d",1,"hate_speech_slurs_leet"
"f.c.k y.o.u b.h.e.n.c.h.o.d",1,"hate_speech_slurs_obfuscated"
"madarchod teri maa ki",1,"hate_speech_slurs"
"m@d@rch0d t3r1 m@@ k1",1,"hate_speech_slurs_leet"
"chutiya saale bhag yaha se",1,"hate_speech_slurs"
"chut1y@ $@@l3 bh@g y@h@ $3",1,"hate_speech_slurs_leet"
"tu ek number ka gandu hai",1,"hate_speech_slurs"
"tu 3k numb3r k@ g@ndu h@1",1,"hate_speech_slurs_leet"
"bhosadike nikal yaha se",1,"hate_speech_slurs"
"bh0$@d1k3 n1k@l y@h@ $3",1,"hate_speech_slurs_leet"
"bhosdike chup kar",1,"hate_speech_slurs"
"bh0$d1k3 chup k@r",1,"hate_speech_slurs_leet"
"b.h.o.s.d.i.k.e c.h.u.p k.a.r",1,"hate_speech_slurs_obfuscated"
"randi ki aulad",1,"hate_speech_slurs"
"r@nd1 k1 @ul@d",1,"hate_speech_slurs_leet"
"r.a.n.d.i k.i a.u.l.a.d",1,"hate_speech_slurs_obfuscated"
"haramkhor kutte",1,"hate_speech_slurs"
"h@r@mkh0r kutt3",1,"hate_speech_slurs_leet"
"h.a.r.a.m.k.h.o.r k.u.t.t.e",1,"hate_speech_slurs_obfuscated"
"kamine suar ki tarah",1,"hate_speech_slurs"
"k@m1n3 $u@r k1 t@r@h",1,"hate_speech_slurs_leet"
"bhadwe chup reh",1,"hate_speech_slurs"
"bh@dw3 chup r3h",1,"hate_speech_slurs_leet"
"b.h.a.d.w.e c.h.u.p r.e.h",1,"hate_speech_slurs_obfuscated"
"laude apna muh band kar",1,"hate_speech_slurs"
"l@ud3 @pn@ muh b@nd k@r",1,"hate_speech_slurs_leet"
"jhantu aadmi",1,"hate_speech_slurs"
"jh@ntu @@dm1",1,"hate_speech_slurs_leet"
"j.h.a.n.t.u a.a.d.m.i",1,"hate_speech_slurs_obfuscated"
"eres un maricon de mierda",1,"hate_speech_slurs"
"3r3$ un m@r1c0n d3 m13rd@",1,"hate_speech_slurs_leet"
"hijo de puta vete al diablo",1,"hate_speech_slurs"
"h1j0 d3 put@ v3t3 @l d1@bl0",1,"hate_speech_slurs_leet"
"pinche pendejo culero",1,"hate_speech_slurs"
"p1nch3 p3nd3j0 cul3r0",1,"hate_speech_slurs_leet"
"p.i.n.c.h.e p.e.n.d.e.j.o c.u.l.e.r.o",1,"hate_speech_slurs_obfuscated"
"tu eres una puta",1,"hate_speech_slurs"
"tu 3r3$ un@ put@",1,"hate_speech_slurs_leet"
"b!tch stfu",1,"hate_speech_slurs"
"b!tch $tfu",1,"hate_speech_slurs_leet"
"b.!.t.c.h s.t.f.u",1,"hate_speech_slurs_obfuscated"
"c*nt gtfo",1,"hate_speech_slurs"
"c*nt gtf0",1,"hate_speech_slurs_leet"
"c.*.n.t g.t.f.o",1,"hate_speech_slurs_obfuscated"
"wh0r3 die already",1,"hate_speech_slurs"
"wh0r3 d13 @lr3@dy",1,"hate_speech_slurs_leet"
"w.h.0.r.3 d.i.e a.l.r.e.a.d.y",1,"hate_speech_slurs_obfuscated"
"n-i-g-g-a get out",1,"hate_speech_slurs"
"n-1-g-g-@ g3t 0ut",1,"hate_speech_slurs_leet"
"n.-.i.-.g.-.g.-.a g.e.t o.u.t",1,"hate_speech_slurs_obfuscated"
"f a g g o t",1,"hate_speech_slurs"
"f @ g g 0 t",1,"hate_speech_slurs_leet"
"kys loser nobody wants you here",1,"harassment_threats"
"kill yourself you worthless idiot",1,"harassment_threats"
"you are ugly and stupid go die",1,"harassment_threats"
"i hope you get cancer and die",1,"harassment_threats"
"nobody loves you, end it all",1,"harassment_threats"
"k.y.s trash",1,"harassment_threats"
"i will find where you live and beat you up",1,"harassment_threats"
"commit suicide idiot",1,"harassment_threats"
"go jump off a bridge",1,"harassment_threats"
"i'm going to dox you and leak your address",1,"harassment_threats"
"m 18 looking for girl snapchat me",1,"solicitation"
"any female here? m19 horny",1,"solicitation"
"m16 looking for f",1,"solicitation"
"send nudes or snap me",1,"solicitation"
"show boobies",1,"solicitation"
"looking for dirty chat add my snap",1,"solicitation"
"f15 looking for older guy",1,"solicitation"
"are you a boy or girl? send pic",1,"solicitation"
"how old are you? are you a girl?",1,"solicitation"
"m4f looking for naughty chat",1,"solicitation"
"add my snap: coolguy_99",1,"contact_exchange"
"follow my insta @john_doe23",1,"contact_exchange"
"hit me up on telegram @fastbucks",1,"contact_exchange"
"whatsapp me at +14155552671",1,"contact_exchange"
"join my discord server discord.gg/abc1234",1,"contact_exchange"
"insta in bio message me there",1,"contact_exchange"
"add me on kik: user123",1,"contact_exchange"